model,valid_accuracy,test_accuracy
BiLSTM,0.6035634743875279,0.5787139689578714
BiLSTM Augmentation,0.6681514476614699,0.6319290465631929
SVC,0.8708240534521158,0.8492239467849224
SVC Augmentation,0.8708240534521158,0.8580931263858093
BERT,0.9198218262806236,0.9002217294900222
BERT Augmentation,0.9354120267260579,0.9379157427937915
